Inbound_Shipment_ID,Supplier_ID,Destination_Hub_ID,SKU,Quantity_Received,Promised_Arrival_Date,Actual_Arrival_Date
INB00007,SUP008,HUB-BLR,SKU0268,887,2024-11-05,2024-11-05
INB00008,SUP008,HUB-BLR,SKU0006,1425,2024-03-17,2024-03-17
INB00010,SUP009,HUB-DEL,SKU0190,2177,2025-06-20,2025-06-20
INB00018,SUP007,HUB-BOM,SKU0337,2121,2024-05-06,2024-05-06
INB00029,SUP001,HUB-BOM,SKU0223,1298,2024-02-16,2024-02-16
INB00031,SUP012,HUB-DEL,SKU0109,1024,2024-06-16,2024-06-16
INB00040,SUP005,HUB-BLR,SKU0335,2441,2024-07-16,2024-07-20
INB00048,SUP010,HUB-DEL,SKU0250,2024,2025-01-05,2025-01-05
INB00053,SUP014,HUB-DEL,SKU0277,2028,2025-05-04,2025-05-04
INB00058,SUP003,HUB-DEL,SKU0070,2197,2024-03-15,2024-03-15
INB00059,SUP003,HUB-DEL,SKU0227,1034,2024-12-15,2024-12-15
INB00064,SUP009,HUB-BOM,SKU0366,2320,2024-09-16,2024-09-21
INB00070,SUP019,HUB-BLR,SKU0443,1849,2024-07-20,2024-07-20
INB00083,SUP003,HUB-DEL,SKU0109,1146,2024-10-07,2024-10-07
INB00091,SUP008,HUB-DEL,SKU0190,1703,2024-10-06,2024-10-06
INB00097,SUP010,HUB-BOM,SKU0120,909,2025-03-11,2025-03-11
INB00103,SUP020,HUB-BLR,SKU0413,2490,2025-03-09,2025-03-09
INB00105,SUP003,HUB-BOM,SKU0037,1444,2024-07-19,2024-07-19
INB00106,SUP015,HUB-BLR,SKU0177,1261,2024-09-24,2024-09-24
INB00110,SUP011,HUB-BLR,SKU0287,2230,2024-01-16,2024-01-16
INB00113,SUP019,HUB-BLR,SKU0034,1200,2024-11-15,2024-11-15
INB00121,SUP013,HUB-DEL,SKU0128,1768,2024-04-04,2024-04-04
INB00129,SUP018,HUB-DEL,SKU0346,610,2024-09-29,2024-09-29
INB00130,SUP001,HUB-BOM,SKU0120,1240,2025-06-11,2025-06-11
INB00132,SUP014,HUB-DEL,SKU0405,2206,2025-04-15,2025-04-15
INB00133,SUP015,HUB-BOM,SKU0298,577,2024-06-03,2024-06-03
INB00134,SUP017,HUB-DEL,SKU0266,1743,2025-03-24,2025-03-24
INB00146,SUP008,HUB-BLR,SKU0177,1848,2025-03-23,2025-03-23
INB00164,SUP016,HUB-BLR,SKU0421,1280,2025-05-19,2025-05-19
INB00167,SUP004,HUB-BLR,SKU0312,543,2025-05-19,2025-05-19
INB00171,SUP017,HUB-BOM,SKU0432,2184,2025-02-22,2025-02-22
INB00199,SUP012,HUB-BOM,SKU0060,2364,2024-05-15,2024-05-15
INB00200,SUP020,HUB-BLR,SKU0148,2240,2024-08-09,2024-08-09
INB00224,SUP001,HUB-DEL,SKU0109,1222,2024-10-02,2024-10-02
INB00226,SUP005,HUB-BOM,SKU0106,506,2024-09-09,2024-09-09
INB00229,SUP004,HUB-BOM,SKU0061,560,2025-06-06,2025-06-06
INB00232,SUP017,HUB-BLR,SKU0148,1816,2025-01-31,2025-01-31
INB00233,SUP019,HUB-BLR,SKU0287,2145,2025-01-13,2025-01-13
INB00234,SUP007,HUB-BOM,SKU0223,2148,2024-12-13,2024-12-13
INB00236,SUP020,HUB-BLR,SKU0308,623,2024-03-01,2024-03-01
INB00238,SUP007,HUB-DEL,SKU0294,1898,2024-10-22,2024-10-22
INB00251,SUP016,HUB-BOM,SKU0429,2393,2025-04-21,2025-04-21
INB00260,SUP002,HUB-DEL,SKU0073,740,2024-08-10,2024-08-10
INB00262,SUP017,HUB-DEL,SKU0007,2496,2024-12-26,2024-12-26
INB00264,SUP005,HUB-DEL,SKU0091,1231,2025-05-05,2025-05-05
INB00265,SUP016,HUB-DEL,SKU0211,1643,2024-04-22,2024-04-22
INB00279,SUP003,HUB-DEL,SKU0266,1168,2024-05-10,2024-05-13
INB00282,SUP013,HUB-BOM,SKU0432,762,2025-05-12,2025-05-12
INB00287,SUP006,HUB-BOM,SKU0054,1860,2024-09-19,2024-09-19
INB00289,SUP012,HUB-BOM,SKU0337,786,2024-11-23,2024-11-23
INB00293,SUP011,HUB-DEL,SKU0266,2052,2025-05-05,2025-05-05
INB00295,SUP001,HUB-BOM,SKU0298,2249,2025-04-20,2025-04-20
INB00307,SUP005,HUB-BLR,SKU0413,1559,2025-03-20,2025-03-20
INB00310,SUP002,HUB-BLR,SKU0419,2360,2024-11-10,2024-11-10
INB00312,SUP019,HUB-DEL,SKU0007,1582,2024-02-25,2024-02-25
INB00314,SUP018,HUB-BLR,SKU0489,2101,2024-03-02,2024-03-02
INB00328,SUP008,HUB-DEL,SKU0211,1660,2024-05-05,2024-05-05
INB00336,SUP009,HUB-BLR,SKU0274,2481,2024-09-23,2024-09-26
INB00337,SUP020,HUB-BLR,SKU0230,1108,2024-06-26,2024-06-26
INB00351,SUP005,HUB-DEL,SKU0250,1951,2024-08-31,2024-08-31
INB00370,SUP015,HUB-DEL,SKU0277,2374,2024-09-03,2024-09-03
INB00379,SUP013,HUB-BLR,SKU0189,1408,2025-05-22,2025-05-22
INB00380,SUP011,HUB-BLR,SKU0312,1494,2024-08-14,2024-08-14
INB00383,SUP010,HUB-BOM,SKU0054,2312,2024-07-26,2024-07-26
INB00393,SUP001,HUB-DEL,SKU0249,2161,2025-04-15,2025-04-15
INB00405,SUP002,HUB-BLR,SKU0230,2032,2025-05-15,2025-05-15
INB00408,SUP011,HUB-BOM,SKU0054,2201,2024-11-03,2024-11-03
INB00416,SUP008,HUB-DEL,SKU0227,1806,2024-07-29,2024-07-29
INB00421,SUP019,HUB-BLR,SKU0419,984,2024-12-11,2024-12-11
INB00445,SUP009,HUB-DEL,SKU0493,714,2024-10-09,2024-10-09
INB00448,SUP005,HUB-BOM,SKU0155,673,2025-03-31,2025-03-31
INB00454,SUP004,HUB-BOM,SKU0223,1495,2025-02-08,2025-02-08
INB00476,SUP007,HUB-BLR,SKU0323,1889,2024-12-15,2024-12-15
INB00477,SUP017,HUB-BOM,SKU0020,1555,2024-11-17,2024-11-17
INB00482,SUP013,HUB-DEL,SKU0310,1394,2024-05-09,2024-05-09
INB00484,SUP020,HUB-DEL,SKU0027,2244,2024-05-22,2024-05-25
INB00490,SUP018,HUB-BLR,SKU0065,2277,2024-01-18,2024-01-18
INB00492,SUP013,HUB-BLR,SKU0312,1533,2024-04-07,2024-04-07
INB00493,SUP016,HUB-BLR,SKU0189,2283,2024-07-01,2024-07-01
INB00497,SUP017,HUB-DEL,SKU0227,1824,2025-05-29,2025-05-29
INB00498,SUP013,HUB-DEL,SKU0294,1357,2024-07-14,2024-07-14
INB00501,SUP001,HUB-BLR,SKU0230,2104,2025-06-28,2025-06-28
INB00506,SUP015,HUB-DEL,SKU0027,1982,2024-03-03,2024-03-06
INB00507,SUP014,HUB-DEL,SKU0493,1711,2024-06-12,2024-06-13
INB00508,SUP007,HUB-DEL,SKU0233,2418,2024-05-09,2024-05-09
INB00510,SUP019,HUB-BOM,SKU0106,1677,2024-11-04,2024-11-04
INB00511,SUP012,HUB-BOM,SKU0054,1988,2024-03-21,2024-03-21
INB00519,SUP002,HUB-BLR,SKU0460,1770,2024-03-15,2024-03-15
INB00527,SUP016,HUB-BLR,SKU0034,1121,2024-02-19,2024-02-19
INB00545,SUP007,HUB-BOM,SKU0429,1527,2025-01-02,2025-01-02
INB00549,SUP018,HUB-DEL,SKU0091,711,2025-03-01,2025-03-01
INB00552,SUP001,HUB-DEL,SKU0277,1193,2024-02-11,2024-02-14
INB00560,SUP015,HUB-BLR,SKU0144,1549,2024-01-21,2024-01-21
INB00567,SUP019,HUB-BOM,SKU0054,1698,2024-11-04,2024-11-04
INB00569,SUP006,HUB-DEL,SKU0266,2312,2025-02-10,2025-02-10
INB00575,SUP011,HUB-BOM,SKU0234,1166,2024-03-05,2024-03-05
INB00578,SUP007,HUB-DEL,SKU0211,1545,2024-03-21,2024-03-21
INB00581,SUP006,HUB-DEL,SKU0294,1840,2024-07-22,2024-07-22
INB00587,SUP009,HUB-BOM,SKU0183,1333,2025-04-25,2025-04-25
INB00598,SUP012,HUB-BLR,SKU0308,584,2024-04-30,2024-04-30
INB00600,SUP019,HUB-DEL,SKU0190,1180,2024-03-06,2024-03-06
INB00604,SUP014,HUB-BOM,SKU0155,2410,2025-05-23,2025-05-23
INB00606,SUP005,HUB-DEL,SKU0451,1719,2024-10-29,2024-10-29
INB00608,SUP007,HUB-BOM,SKU0037,1209,2024-08-28,2024-08-28
INB00609,SUP001,HUB-BLR,SKU0189,1731,2024-06-27,2024-06-27
INB00623,SUP013,HUB-DEL,SKU0238,2084,2024-07-11,2024-07-11
INB00631,SUP012,HUB-BOM,SKU0320,1254,2024-08-08,2024-08-08
INB00635,SUP019,HUB-BLR,SKU0368,1541,2024-12-10,2024-12-10
INB00638,SUP016,HUB-BLR,SKU0323,2258,2025-05-01,2025-05-03
INB00640,SUP005,HUB-BOM,SKU0432,1859,2024-04-08,2024-04-08
INB00642,SUP008,HUB-DEL,SKU0233,1398,2024-04-11,2024-04-11
INB00643,SUP019,HUB-DEL,SKU0285,1114,2025-02-13,2025-02-13
INB00651,SUP003,HUB-BLR,SKU0065,2212,2024-05-12,2024-05-12
INB00653,SUP016,HUB-BLR,SKU0447,1517,2024-01-23,2024-01-23
INB00658,SUP002,HUB-DEL,SKU0238,1056,2024-01-28,2024-01-28
INB00660,SUP016,HUB-BLR,SKU0065,2289,2025-05-30,2025-05-30
INB00661,SUP005,HUB-BLR,SKU0500,1081,2024-10-04,2024-10-04
INB00664,SUP016,HUB-BOM,SKU0438,740,2024-09-09,2024-09-09
INB00666,SUP017,HUB-BLR,SKU0447,1553,2025-01-04,2025-01-04
INB00667,SUP010,HUB-DEL,SKU0238,2243,2024-12-28,2024-12-28
INB00678,SUP020,HUB-DEL,SKU0493,1701,2025-02-23,2025-02-23
INB00685,SUP019,HUB-BOM,SKU0061,1008,2024-07-30,2024-07-30
INB00687,SUP019,HUB-DEL,SKU0451,1462,2025-03-02,2025-03-02
INB00698,SUP008,HUB-DEL,SKU0294,534,2024-12-11,2024-12-11
INB00704,SUP011,HUB-BLR,SKU0144,1955,2024-04-14,2024-04-14
INB00715,SUP006,HUB-BLR,SKU0159,1177,2025-06-25,2025-06-25
INB00718,SUP013,HUB-BOM,SKU0438,1728,2025-02-22,2025-02-22
INB00739,SUP010,HUB-BLR,SKU0144,1621,2024-05-17,2024-05-17
INB00761,SUP018,HUB-BOM,SKU0060,1665,2025-04-03,2025-04-03
INB00763,SUP014,HUB-BLR,SKU0282,1352,2025-04-09,2025-04-09
INB00768,SUP017,HUB-DEL,SKU0451,1043,2024-12-20,2024-12-20
INB00772,SUP015,HUB-BOM,SKU0020,2231,2025-05-05,2025-05-05
INB00775,SUP015,HUB-DEL,SKU0249,1393,2025-05-08,2025-05-08
INB00776,SUP005,HUB-BLR,SKU0368,904,2025-03-14,2025-03-14
INB00780,SUP001,HUB-BOM,SKU0320,1198,2024-12-03,2024-12-03
INB00783,SUP012,HUB-BLR,SKU0419,1849,2025-02-10,2025-02-10
INB00794,SUP012,HUB-DEL,SKU0070,740,2025-05-11,2025-05-11
INB00798,SUP014,HUB-BLR,SKU0189,1245,2025-05-11,2025-05-11
INB00803,SUP008,HUB-BLR,SKU0230,1203,2025-02-18,2025-02-18
INB00804,SUP002,HUB-DEL,SKU0029,2404,2024-08-28,2024-08-28
INB00805,SUP012,HUB-BOM,SKU0337,1422,2024-09-26,2024-09-26
INB00808,SUP017,HUB-DEL,SKU0073,1039,2025-01-09,2025-01-09
INB00816,SUP020,HUB-BLR,SKU0230,2120,2025-02-23,2025-02-26
INB00828,SUP009,HUB-BLR,SKU0144,753,2024-06-25,2024-06-25
INB00842,SUP009,HUB-BOM,SKU0366,2366,2024-03-10,2024-03-10
INB00846,SUP008,HUB-BLR,SKU0308,813,2024-12-09,2024-12-09
INB00849,SUP002,HUB-BLR,SKU0447,1891,2024-08-27,2024-08-27
INB00858,SUP004,HUB-BOM,SKU0223,1238,2024-10-11,2024-10-11
INB00860,SUP017,HUB-DEL,SKU0310,628,2024-11-16,2024-11-16
INB00861,SUP010,HUB-BOM,SKU0352,2173,2024-07-20,2024-07-20
INB00869,SUP001,HUB-BLR,SKU0335,731,2024-04-30,2024-04-30
INB00871,SUP011,HUB-DEL,SKU0277,913,2024-08-23,2024-08-23
INB00872,SUP019,HUB-BOM,SKU0223,1516,2024-01-09,2024-01-09
INB00874,SUP009,HUB-DEL,SKU0233,1804,2024-01-01,2024-01-01
INB00888,SUP019,HUB-BLR,SKU0323,614,2025-02-10,2025-02-10
INB00893,SUP009,HUB-BLR,SKU0274,2466,2024-04-15,2024-04-15
INB00895,SUP012,HUB-BLR,SKU0340,1638,2024-09-24,2024-09-24
INB00898,SUP017,HUB-BOM,SKU0106,1093,2024-08-10,2024-08-10
INB00912,SUP004,HUB-DEL,SKU0022,1774,2024-12-30,2024-12-30
INB00916,SUP011,HUB-BLR,SKU0284,2318,2025-02-19,2025-02-19
INB00919,SUP016,HUB-BLR,SKU0443,2391,2024-01-07,2024-01-07
INB00921,SUP009,HUB-DEL,SKU0233,883,2025-06-18,2025-06-18
INB00928,SUP001,HUB-DEL,SKU0285,1368,2025-01-17,2025-01-17
INB00930,SUP016,HUB-DEL,SKU0227,2458,2025-01-05,2025-01-05
INB00944,SUP018,HUB-BLR,SKU0282,939,2024-08-20,2024-08-20
INB00947,SUP001,HUB-BOM,SKU0187,2126,2024-01-08,2024-01-08
INB00956,SUP003,HUB-DEL,SKU0250,1847,2024-11-30,2024-11-30
INB00958,SUP007,HUB-BLR,SKU0284,2487,2024-08-15,2024-08-15
INB00969,SUP015,HUB-BOM,SKU0352,1349,2025-04-08,2025-04-08
INB00971,SUP017,HUB-BOM,SKU0438,610,2024-06-28,2024-06-28
INB00973,SUP019,HUB-BOM,SKU0155,2102,2024-01-06,2024-01-06
INB00977,SUP019,HUB-BOM,SKU0223,2053,2025-03-01,2025-03-06
INB00980,SUP011,HUB-BOM,SKU0120,687,2024-10-17,2024-10-21
INB00981,SUP008,HUB-BOM,SKU0054,2054,2024-05-26,2024-05-26
INB00982,SUP015,HUB-BLR,SKU0500,1101,2024-11-15,2024-11-15
INB00983,SUP011,HUB-DEL,SKU0285,1470,2025-03-11,2025-03-11
INB00986,SUP007,HUB-BLR,SKU0287,2365,2024-12-05,2024-12-05
INB00988,SUP005,HUB-BLR,SKU0489,1465,2024-11-02,2024-11-02
INB00992,SUP006,HUB-DEL,SKU0277,2068,2024-07-13,2024-07-13
INB00997,SUP003,HUB-DEL,SKU0310,1781,2024-05-06,2024-05-06
INB01002,SUP007,HUB-BLR,SKU0419,1435,2025-05-16,2025-05-16
INB01008,SUP010,HUB-BOM,SKU0187,956,2024-10-29,2024-10-29
INB01025,SUP014,HUB-DEL,SKU0013,1285,2024-10-20,2024-10-20
INB01027,SUP013,HUB-DEL,SKU0027,2094,2024-06-20,2024-06-20
INB01037,SUP014,HUB-DEL,SKU0022,1896,2024-07-23,2024-07-23
INB01042,SUP004,HUB-DEL,SKU0073,2282,2024-03-02,2024-03-02
INB01043,SUP015,HUB-BLR,SKU0413,1892,2024-11-23,2024-11-23
INB01063,SUP005,HUB-BLR,SKU0419,1572,2025-04-30,2025-04-30
INB01066,SUP006,HUB-BLR,SKU0284,2473,2024-07-05,2024-07-05
INB01067,SUP009,HUB-BLR,SKU0159,1536,2025-02-05,2025-02-05
INB01072,SUP002,HUB-DEL,SKU0277,1823,2025-04-21,2025-04-21
INB01079,SUP020,HUB-DEL,SKU0249,680,2025-06-22,2025-06-25
INB01089,SUP016,HUB-BLR,SKU0340,2118,2025-06-15,2025-06-15
INB01094,SUP001,HUB-DEL,SKU0310,903,2024-07-30,2024-07-30
INB01101,SUP005,HUB-DEL,SKU0277,690,2024-08-09,2024-08-11
INB01103,SUP010,HUB-DEL,SKU0405,854,2025-05-18,2025-05-18
INB01104,SUP009,HUB-DEL,SKU0007,1331,2025-02-17,2025-02-17
INB01107,SUP010,HUB-BLR,SKU0148,567,2024-07-27,2024-07-27
INB01116,SUP003,HUB-BLR,SKU0323,888,2024-11-16,2024-11-16
INB01117,SUP005,HUB-BOM,SKU0001,2002,2024-05-26,2024-05-26
INB01118,SUP014,HUB-DEL,SKU0238,944,2024-02-23,2024-02-23
INB01119,SUP012,HUB-BLR,SKU0189,1387,2024-05-21,2024-05-21
INB01124,SUP012,HUB-BLR,SKU0368,1703,2024-04-16,2024-04-17
INB01131,SUP016,HUB-BOM,SKU0432,1863,2024-08-12,2024-08-12
INB01142,SUP011,HUB-DEL,SKU0250,983,2024-03-26,2024-03-26
INB01150,SUP006,HUB-DEL,SKU0022,1803,2025-05-09,2025-05-09
INB01160,SUP010,HUB-DEL,SKU0013,847,2024-12-19,2024-12-19
INB01165,SUP001,HUB-DEL,SKU0227,2449,2025-04-24,2025-04-24
INB01167,SUP006,HUB-BLR,SKU0144,1590,2024-12-17,2024-12-17
INB01172,SUP015,HUB-DEL,SKU0043,1581,2024-07-30,2024-07-30
INB01176,SUP001,HUB-BLR,SKU0274,2450,2025-06-28,2025-06-28
INB01178,SUP013,HUB-DEL,SKU0190,1564,2025-04-28,2025-05-02
INB01182,SUP013,HUB-BOM,SKU0298,2082,2025-01-17,2025-01-17
INB01199,SUP017,HUB-DEL,SKU0211,1327,2024-05-25,2024-05-25
INB01207,SUP011,HUB-BLR,SKU0443,2306,2024-09-06,2024-09-06
INB01208,SUP010,HUB-BOM,SKU0320,2227,2024-01-16,2024-01-16
INB01215,SUP019,HUB-DEL,SKU0405,2013,2024-04-28,2024-04-30
INB01219,SUP001,HUB-DEL,SKU0109,1112,2024-02-08,2024-02-08
INB01226,SUP006,HUB-BLR,SKU0287,689,2025-02-19,2025-02-19
INB01233,SUP010,HUB-BLR,SKU0282,881,2024-01-18,2024-01-18
INB01244,SUP016,HUB-BOM,SKU0131,1328,2024-05-24,2024-05-24
INB01248,SUP018,HUB-BOM,SKU0183,1484,2024-03-20,2024-03-20
INB01265,SUP007,HUB-BOM,SKU0020,1990,2024-08-07,2024-08-07
INB01266,SUP020,HUB-BLR,SKU0284,1128,2024-07-28,2024-07-28
INB01279,SUP004,HUB-BOM,SKU0106,561,2024-04-07,2024-04-07
INB01281,SUP012,HUB-BOM,SKU0020,1827,2024-12-06,2024-12-06
INB01286,SUP004,HUB-DEL,SKU0073,2069,2024-01-07,2024-01-07
INB01293,SUP019,HUB-BLR,SKU0362,840,2024-06-29,2024-06-29
INB01294,SUP017,HUB-BOM,SKU0054,1727,2024-03-11,2024-03-11
INB01295,SUP018,HUB-DEL,SKU0405,1332,2024-04-27,2024-04-27
INB01299,SUP003,HUB-BOM,SKU0020,1716,2024-01-12,2024-01-12
INB01313,SUP007,HUB-BOM,SKU0320,1170,2025-01-18,2025-01-18
INB01319,SUP003,HUB-BLR,SKU0368,1898,2024-06-17,2024-06-17
INB01326,SUP004,HUB-BOM,SKU0001,1471,2024-09-22,2024-09-22
INB01328,SUP007,HUB-DEL,SKU0405,2250,2024-11-22,2024-11-22
INB01338,SUP012,HUB-DEL,SKU0029,1748,2024-08-30,2024-08-30
INB01339,SUP017,HUB-BLR,SKU0034,1137,2025-01-22,2025-01-22
INB01343,SUP016,HUB-DEL,SKU0285,1413,2024-10-15,2024-10-15
INB01346,SUP005,HUB-BLR,SKU0443,1126,2024-12-26,2024-12-26
INB01350,SUP018,HUB-BLR,SKU0006,1026,2025-06-25,2025-06-25
INB01357,SUP013,HUB-BLR,SKU0443,1748,2024-01-25,2024-01-25
INB01363,SUP019,HUB-BOM,SKU0131,2124,2024-09-13,2024-09-13
INB01367,SUP001,HUB-BOM,SKU0429,1940,2024-03-03,2024-03-03
INB01370,SUP011,HUB-DEL,SKU0250,688,2024-04-23,2024-04-23
INB01371,SUP016,HUB-BLR,SKU0362,1176,2024-02-13,2024-02-13
INB01384,SUP016,HUB-DEL,SKU0029,1326,2024-07-25,2024-07-25
INB01389,SUP017,HUB-BLR,SKU0309,795,2024-10-31,2024-10-31
INB01391,SUP008,HUB-DEL,SKU0073,1071,2024-02-25,2024-02-27
INB01396,SUP013,HUB-DEL,SKU0091,1783,2025-02-25,2025-02-25
INB01398,SUP020,HUB-DEL,SKU0109,2125,2024-12-31,2024-12-31
INB01400,SUP009,HUB-BOM,SKU0120,522,2024-05-21,2024-05-21
INB01401,SUP008,HUB-BLR,SKU0268,2422,2024-05-29,2024-05-29
INB01419,SUP004,HUB-BLR,SKU0460,1268,2024-07-13,2024-07-13
INB01422,SUP004,HUB-DEL,SKU0294,2456,2024-10-23,2024-10-23
INB01435,SUP020,HUB-BLR,SKU0284,1299,2024-01-10,2024-01-10
INB01453,SUP002,HUB-DEL,SKU0346,2154,2024-04-04,2024-04-04
INB01457,SUP008,HUB-BLR,SKU0335,2463,2024-07-12,2024-07-12
INB01463,SUP002,HUB-BLR,SKU0177,1854,2024-10-25,2024-10-25
INB01466,SUP007,HUB-BLR,SKU0189,872,2024-12-10,2024-12-10
INB01470,SUP015,HUB-BLR,SKU0489,1680,2024-07-10,2024-07-10
INB01485,SUP018,HUB-BLR,SKU0189,798,2024-01-27,2024-01-27
INB01486,SUP014,HUB-DEL,SKU0249,2081,2024-06-03,2024-06-03
INB01492,SUP010,HUB-DEL,SKU0029,2496,2024-12-23,2024-12-23
INB01499,SUP005,HUB-DEL,SKU0043,779,2024-03-13,2024-03-13
INB01501,SUP009,HUB-DEL,SKU0451,1647,2025-02-08,2025-02-08
INB01503,SUP003,HUB-BLR,SKU0189,880,2025-06-01,2025-06-01
INB01528,SUP011,HUB-BOM,SKU0352,963,2024-06-10,2024-06-10
INB01529,SUP016,HUB-DEL,SKU0007,971,2025-01-02,2025-01-02
INB01543,SUP010,HUB-DEL,SKU0250,1642,2024-10-29,2024-10-29
INB01545,SUP016,HUB-DEL,SKU0294,609,2025-06-13,2025-06-13
INB01554,SUP013,HUB-BOM,SKU0020,1883,2024-08-30,2024-08-30
INB01560,SUP017,HUB-BLR,SKU0323,917,2024-09-07,2024-09-07
INB01587,SUP005,HUB-DEL,SKU0043,1507,2024-05-03,2024-05-03
INB01594,SUP006,HUB-DEL,SKU0493,1947,2025-05-03,2025-05-03
INB01603,SUP003,HUB-BOM,SKU0429,1566,2024-02-02,2024-02-02
INB01620,SUP008,HUB-BLR,SKU0312,1515,2025-03-02,2025-03-02
INB01629,SUP002,HUB-BLR,SKU0177,605,2025-02-08,2025-02-08
INB01630,SUP009,HUB-BOM,SKU0352,2112,2024-04-04,2024-04-04
INB01663,SUP013,HUB-BOM,SKU0106,1696,2024-07-15,2024-07-15
INB01667,SUP007,HUB-BOM,SKU0352,2138,2025-01-08,2025-01-08
INB01684,SUP011,HUB-DEL,SKU0109,1166,2025-05-10,2025-05-10
INB01687,SUP002,HUB-BLR,SKU0413,1420,2024-08-20,2024-08-20
INB01690,SUP007,HUB-BLR,SKU0309,1834,2024-06-03,2024-06-03
INB01701,SUP002,HUB-BLR,SKU0159,2376,2024-10-06,2024-10-06
INB01705,SUP015,HUB-BOM,SKU0223,1261,2024-02-10,2024-02-10
INB01708,SUP001,HUB-BLR,SKU0500,1442,2025-06-01,2025-06-01
INB01713,SUP011,HUB-BLR,SKU0489,1650,2024-06-18,2024-06-18
INB01717,SUP006,HUB-BLR,SKU0323,610,2024-03-28,2024-03-28
INB01723,SUP007,HUB-BLR,SKU0148,1190,2024-07-02,2024-07-04
INB01727,SUP018,HUB-BLR,SKU0144,2377,2025-05-06,2025-05-06
INB01736,SUP014,HUB-BOM,SKU0060,2033,2024-12-03,2024-12-03
INB01741,SUP009,HUB-BLR,SKU0476,1369,2024-09-09,2024-09-09
INB01755,SUP015,HUB-DEL,SKU0190,1023,2024-01-12,2024-01-12
INB01756,SUP003,HUB-BLR,SKU0230,1040,2024-05-09,2024-05-09
INB01760,SUP008,HUB-BOM,SKU0320,1348,2024-08-02,2024-08-02
INB01766,SUP017,HUB-BLR,SKU0419,839,2025-03-30,2025-03-30
INB01768,SUP012,HUB-BLR,SKU0287,1252,2024-04-02,2024-04-02
INB01770,SUP012,HUB-BOM,SKU0037,1022,2024-11-03,2024-11-03
INB01776,SUP015,HUB-DEL,SKU0211,1227,2024-07-07,2024-07-07
INB01777,SUP016,HUB-BOM,SKU0223,1014,2024-01-07,2024-01-07
INB01792,SUP020,HUB-BOM,SKU0020,863,2024-02-02,2024-02-05
INB01795,SUP017,HUB-BLR,SKU0148,809,2025-03-27,2025-03-27
INB01799,SUP003,HUB-BLR,SKU0308,1902,2025-06-20,2025-06-20
INB01809,SUP009,HUB-BLR,SKU0362,1407,2025-01-04,2025-01-04
INB01821,SUP014,HUB-BOM,SKU0366,1965,2025-06-18,2025-06-18
INB01825,SUP014,HUB-BLR,SKU0034,1255,2025-04-08,2025-04-08
INB01836,SUP010,HUB-DEL,SKU0493,1011,2024-04-30,2024-04-30
INB01841,SUP017,HUB-DEL,SKU0175,1793,2024-10-15,2024-10-15
INB01848,SUP017,HUB-BLR,SKU0476,1670,2024-03-10,2024-03-10
INB01854,SUP016,HUB-BLR,SKU0443,1211,2024-07-12,2024-07-12
INB01859,SUP002,HUB-BLR,SKU0323,1846,2024-05-02,2024-05-05
INB01860,SUP011,HUB-BLR,SKU0308,1337,2025-01-23,2025-01-23
INB01862,SUP019,HUB-DEL,SKU0070,707,2024-03-11,2024-03-11
INB01863,SUP016,HUB-BLR,SKU0362,1148,2025-06-16,2025-06-16
INB01865,SUP007,HUB-BLR,SKU0268,1620,2025-04-25,2025-04-25
INB01872,SUP017,HUB-DEL,SKU0266,1612,2024-09-19,2024-09-19
INB01881,SUP006,HUB-BLR,SKU0065,1038,2025-04-30,2025-04-30
INB01882,SUP006,HUB-BLR,SKU0464,2368,2024-02-16,2024-02-16
INB01890,SUP020,HUB-BLR,SKU0274,880,2024-02-16,2024-02-16
INB01898,SUP001,HUB-BLR,SKU0159,1525,2024-10-03,2024-10-03
INB01899,SUP016,HUB-BOM,SKU0061,1474,2025-05-15,2025-05-15
INB01906,SUP013,HUB-DEL,SKU0266,1341,2024-04-29,2024-04-29
INB01912,SUP016,HUB-BLR,SKU0443,919,2025-06-28,2025-06-28
INB01915,SUP002,HUB-BOM,SKU0432,1503,2025-02-20,2025-02-20
INB01916,SUP019,HUB-BLR,SKU0489,1916,2024-03-24,2024-03-24
INB01931,SUP014,HUB-BLR,SKU0274,2096,2024-04-07,2024-04-07
INB01932,SUP014,HUB-BLR,SKU0447,924,2025-01-13,2025-01-13
INB01950,SUP020,HUB-BLR,SKU0006,696,2024-06-29,2024-06-30
INB01951,SUP011,HUB-DEL,SKU0128,2384,2024-09-03,2024-09-03
INB01952,SUP010,HUB-BLR,SKU0309,2139,2025-03-09,2025-03-09
INB01964,SUP001,HUB-BLR,SKU0340,2487,2025-05-15,2025-05-15
INB01968,SUP001,HUB-DEL,SKU0451,2186,2024-09-26,2024-09-26
INB01984,SUP001,HUB-DEL,SKU0294,578,2024-12-06,2024-12-06
INB01985,SUP013,HUB-BLR,SKU0362,759,2024-05-29,2024-05-29
INB01998,SUP015,HUB-BOM,SKU0298,1582,2024-01-17,2024-01-17
INB02005,SUP005,HUB-BOM,SKU0054,1440,2025-06-19,2025-06-19
INB02011,SUP020,HUB-DEL,SKU0249,1840,2024-10-20,2024-10-20
INB02027,SUP012,HUB-BOM,SKU0183,2380,2024-10-05,2024-10-05
INB02030,SUP010,HUB-BLR,SKU0476,2203,2024-04-14,2024-04-14
INB02031,SUP019,HUB-BOM,SKU0054,1241,2024-07-13,2024-07-13
INB02042,SUP019,HUB-BLR,SKU0006,542,2024-01-31,2024-01-31
INB02048,SUP019,HUB-BOM,SKU0020,771,2025-01-11,2025-01-11
INB02066,SUP008,HUB-BOM,SKU0187,1940,2024-12-05,2024-12-05
INB02071,SUP010,HUB-BLR,SKU0419,1762,2025-03-10,2025-03-10
INB02073,SUP004,HUB-BLR,SKU0309,695,2024-08-16,2024-08-16
INB02085,SUP012,HUB-BOM,SKU0337,2142,2025-02-25,2025-02-25
INB02091,SUP001,HUB-DEL,SKU0007,1148,2025-06-25,2025-06-25
INB02094,SUP002,HUB-DEL,SKU0310,1531,2025-01-15,2025-01-15
INB02098,SUP001,HUB-DEL,SKU0043,591,2024-05-27,2024-05-27
INB02101,SUP002,HUB-DEL,SKU0451,2276,2025-03-16,2025-03-20
INB02111,SUP010,HUB-DEL,SKU0493,1481,2024-05-24,2024-05-24
INB02114,SUP010,HUB-BLR,SKU0274,2019,2025-02-26,2025-02-26
INB02118,SUP004,HUB-BOM,SKU0001,752,2024-09-27,2024-09-27
INB02121,SUP015,HUB-BOM,SKU0106,1376,2024-09-08,2024-09-13
INB02135,SUP016,HUB-DEL,SKU0451,2038,2024-12-29,2024-12-29
INB02139,SUP020,HUB-DEL,SKU0310,2321,2024-08-01,2024-08-01
INB02143,SUP003,HUB-BLR,SKU0177,722,2025-04-10,2025-04-10
INB02148,SUP003,HUB-BLR,SKU0464,1703,2025-03-06,2025-03-06
INB02150,SUP010,HUB-BLR,SKU0189,1194,2024-05-04,2024-05-04
INB02154,SUP008,HUB-DEL,SKU0091,911,2024-02-23,2024-02-23
INB02155,SUP015,HUB-DEL,SKU0451,725,2025-02-16,2025-02-16
INB02164,SUP005,HUB-BLR,SKU0460,1415,2024-04-30,2024-04-30
INB02165,SUP010,HUB-DEL,SKU0128,2208,2024-12-15,2024-12-15
INB02169,SUP001,HUB-BOM,SKU0320,1080,2024-08-17,2024-08-17
INB02170,SUP010,HUB-DEL,SKU0227,1748,2024-07-23,2024-07-23
INB02174,SUP018,HUB-BOM,SKU0020,1077,2025-02-24,2025-02-24
INB02176,SUP002,HUB-DEL,SKU0266,678,2024-10-12,2024-10-12
INB02185,SUP014,HUB-BOM,SKU0131,1370,2024-12-18,2024-12-18
INB02188,SUP013,HUB-BLR,SKU0421,1315,2024-01-01,2024-01-01
INB02194,SUP007,HUB-BLR,SKU0148,859,2025-05-10,2025-05-10
INB02204,SUP005,HUB-BLR,SKU0006,1322,2025-01-27,2025-01-31
INB02213,SUP008,HUB-BOM,SKU0155,2482,2024-10-21,2024-10-21
INB02217,SUP008,HUB-BLR,SKU0284,1544,2024-05-24,2024-05-26
INB02218,SUP011,HUB-BLR,SKU0284,1013,2024-01-15,2024-01-15
INB02219,SUP012,HUB-BOM,SKU0429,1179,2025-04-26,2025-04-26
INB02228,SUP003,HUB-DEL,SKU0233,1362,2024-10-09,2024-10-09
INB02232,SUP006,HUB-BOM,SKU0438,784,2025-04-26,2025-04-26
INB02234,SUP007,HUB-BLR,SKU0309,1881,2024-07-04,2024-07-04
INB02247,SUP006,HUB-BLR,SKU0476,1788,2024-09-06,2024-09-06
INB02251,SUP016,HUB-BLR,SKU0282,2030,2024-02-19,2024-02-23
INB02252,SUP005,HUB-DEL,SKU0022,1982,2025-05-26,2025-05-26
INB02262,SUP010,HUB-BOM,SKU0120,515,2025-02-22,2025-02-25
INB02264,SUP013,HUB-BOM,SKU0438,2350,2024-10-27,2024-10-27
INB02268,SUP003,HUB-BOM,SKU0298,2224,2024-05-27,2024-05-27
INB02272,SUP018,HUB-DEL,SKU0175,2390,2025-02-11,2025-02-11
INB02277,SUP014,HUB-DEL,SKU0266,1498,2025-06-14,2025-06-19
INB02282,SUP020,HUB-DEL,SKU0128,505,2025-01-21,2025-01-21
INB02286,SUP015,HUB-DEL,SKU0493,2459,2025-03-04,2025-03-05
INB02310,SUP003,HUB-BLR,SKU0413,2489,2024-04-29,2024-04-29
INB02318,SUP009,HUB-DEL,SKU0013,1929,2025-04-21,2025-04-21
INB02322,SUP006,HUB-BOM,SKU0106,2239,2024-08-07,2024-08-07
INB02342,SUP009,HUB-BLR,SKU0287,2280,2024-09-07,2024-09-07
INB02365,SUP004,HUB-BOM,SKU0298,914,2024-11-14,2024-11-14
INB02380,SUP010,HUB-BLR,SKU0421,2490,2025-05-12,2025-05-12
INB02383,SUP013,HUB-DEL,SKU0405,2137,2024-09-07,2024-09-07
INB02386,SUP002,HUB-BOM,SKU0366,1676,2024-03-26,2024-03-26
INB02388,SUP012,HUB-DEL,SKU0266,2056,2024-03-15,2024-03-15
INB02390,SUP008,HUB-DEL,SKU0405,973,2025-02-10,2025-02-13
INB02391,SUP016,HUB-BLR,SKU0268,1058,2025-05-26,2025-05-26
INB02408,SUP005,HUB-DEL,SKU0238,2003,2024-02-21,2024-02-21
INB02409,SUP018,HUB-DEL,SKU0405,1154,2024-02-04,2024-02-04
INB02418,SUP011,HUB-DEL,SKU0233,2283,2024-04-10,2024-04-10
INB02420,SUP006,HUB-BLR,SKU0421,1177,2024-05-18,2024-05-18
INB02422,SUP010,HUB-DEL,SKU0022,614,2024-01-25,2024-01-25
INB02425,SUP013,HUB-DEL,SKU0091,1691,2024-06-05,2024-06-05
INB02426,SUP019,HUB-BOM,SKU0061,797,2024-03-24,2024-03-24
INB02429,SUP006,HUB-BLR,SKU0230,1946,2025-01-11,2025-01-11
INB02431,SUP013,HUB-BLR,SKU0189,565,2024-05-28,2024-05-28
INB02440,SUP017,HUB-BOM,SKU0234,861,2024-03-17,2024-03-17
INB02451,SUP015,HUB-DEL,SKU0013,1042,2024-01-25,2024-01-25
INB02452,SUP004,HUB-DEL,SKU0128,1582,2025-03-19,2025-03-19
INB02457,SUP007,HUB-BLR,SKU0362,1786,2025-05-13,2025-05-13
INB02473,SUP002,HUB-BLR,SKU0447,1177,2024-10-28,2024-10-28
INB02482,SUP005,HUB-BOM,SKU0352,1674,2025-05-26,2025-05-27
INB02489,SUP005,HUB-BLR,SKU0419,1123,2025-01-15,2025-01-16
INB02501,SUP001,HUB-BLR,SKU0413,1161,2025-02-12,2025-02-12
INB02508,SUP013,HUB-BLR,SKU0006,1614,2025-04-29,2025-04-29
INB02519,SUP002,HUB-DEL,SKU0238,2095,2025-06-28,2025-06-28
INB02522,SUP015,HUB-DEL,SKU0027,602,2025-04-03,2025-04-03
INB02525,SUP015,HUB-BOM,SKU0234,889,2024-07-17,2024-07-17
INB02534,SUP019,HUB-BOM,SKU0001,2086,2024-02-08,2024-02-08
INB02535,SUP016,HUB-DEL,SKU0369,1007,2024-10-11,2024-10-11
INB02540,SUP003,HUB-BLR,SKU0284,1353,2024-06-20,2024-06-20
INB02542,SUP001,HUB-BOM,SKU0366,987,2025-04-15,2025-04-19
INB02543,SUP016,HUB-DEL,SKU0070,1951,2024-02-25,2024-02-25
INB02544,SUP004,HUB-BOM,SKU0298,1933,2024-01-11,2024-01-11
INB02545,SUP006,HUB-DEL,SKU0073,1453,2024-06-11,2024-06-11
INB02554,SUP008,HUB-BLR,SKU0421,608,2025-05-24,2025-05-29
INB02555,SUP014,HUB-BOM,SKU0001,2342,2025-01-16,2025-01-16
INB02557,SUP009,HUB-BLR,SKU0274,1330,2024-03-03,2024-03-03
INB02558,SUP012,HUB-DEL,SKU0369,1039,2024-12-29,2024-12-29
INB02564,SUP016,HUB-BLR,SKU0413,2402,2025-05-11,2025-05-11
INB02575,SUP016,HUB-BLR,SKU0460,1810,2024-02-17,2024-02-17
INB02586,SUP001,HUB-BLR,SKU0282,696,2024-10-07,2024-10-07
INB02595,SUP019,HUB-BOM,SKU0106,521,2025-03-09,2025-03-09
INB02596,SUP009,HUB-BOM,SKU0234,2029,2024-11-19,2024-11-19
INB02601,SUP011,HUB-BLR,SKU0282,625,2024-10-13,2024-10-13
INB02605,SUP015,HUB-BLR,SKU0476,876,2024-02-15,2024-02-15
INB02607,SUP019,HUB-BLR,SKU0148,1933,2025-04-24,2025-04-24
INB02612,SUP002,HUB-DEL,SKU0250,847,2024-07-25,2024-07-25
INB02628,SUP005,HUB-BOM,SKU0054,1892,2025-02-14,2025-02-14
INB02645,SUP011,HUB-DEL,SKU0043,958,2024-02-01,2024-02-01
INB02651,SUP008,HUB-DEL,SKU0128,2385,2024-02-24,2024-02-24
INB02653,SUP010,HUB-BOM,SKU0001,2178,2024-08-24,2024-08-24
INB02654,SUP001,HUB-DEL,SKU0007,1463,2024-03-01,2024-03-01
INB02680,SUP016,HUB-BLR,SKU0476,1814,2024-06-16,2024-06-16
INB02689,SUP014,HUB-DEL,SKU0346,1604,2025-02-07,2025-02-07
INB02691,SUP007,HUB-DEL,SKU0266,1583,2024-03-16,2024-03-16
INB02692,SUP005,HUB-BOM,SKU0060,1275,2024-03-19,2024-03-19
INB02707,SUP002,HUB-BLR,SKU0500,1267,2024-06-28,2024-07-03
INB02715,SUP017,HUB-DEL,SKU0175,693,2025-02-16,2025-02-16
INB02729,SUP005,HUB-BLR,SKU0148,2014,2024-10-26,2024-10-26
INB02736,SUP018,HUB-BLR,SKU0230,1911,2024-05-27,2024-05-27
INB02742,SUP003,HUB-BOM,SKU0432,989,2024-05-30,2024-05-30
INB02743,SUP013,HUB-BLR,SKU0500,1936,2025-02-12,2025-02-13
INB02746,SUP006,HUB-DEL,SKU0277,1904,2025-05-25,2025-05-25
INB02783,SUP005,HUB-BLR,SKU0034,1243,2024-07-12,2024-07-12
INB02787,SUP009,HUB-BLR,SKU0144,1707,2025-03-18,2025-03-22
INB02792,SUP019,HUB-BLR,SKU0148,1742,2025-04-30,2025-04-30
INB02794,SUP006,HUB-BLR,SKU0159,887,2024-05-18,2024-05-18
INB02795,SUP009,HUB-BLR,SKU0159,1832,2025-03-09,2025-03-14
INB02811,SUP004,HUB-BOM,SKU0438,933,2025-03-09,2025-03-09
INB02820,SUP019,HUB-BLR,SKU0284,1269,2024-11-18,2024-11-18
INB02830,SUP015,HUB-BOM,SKU0337,1523,2024-03-22,2024-03-27
INB02835,SUP019,HUB-DEL,SKU0109,1961,2025-05-11,2025-05-11
INB02838,SUP018,HUB-DEL,SKU0027,1980,2025-03-23,2025-03-23
INB02841,SUP018,HUB-BLR,SKU0413,1289,2024-10-05,2024-10-05
INB02844,SUP017,HUB-BLR,SKU0500,1969,2025-06-07,2025-06-07
INB02846,SUP020,HUB-DEL,SKU0294,1106,2024-12-22,2024-12-22
INB02850,SUP005,HUB-BLR,SKU0413,2281,2025-06-29,2025-06-29
INB02863,SUP011,HUB-BOM,SKU0001,805,2025-05-31,2025-05-31
INB02872,SUP006,HUB-DEL,SKU0233,1184,2024-11-27,2024-11-27
INB02875,SUP001,HUB-DEL,SKU0369,2407,2024-03-21,2024-03-21
INB02878,SUP015,HUB-BOM,SKU0060,1456,2024-05-09,2024-05-13
INB02880,SUP013,HUB-BOM,SKU0298,2245,2024-05-20,2024-05-20
INB02890,SUP011,HUB-BOM,SKU0352,1282,2025-03-03,2025-03-03
INB02891,SUP018,HUB-BLR,SKU0362,513,2024-11-07,2024-11-07
INB02894,SUP020,HUB-BLR,SKU0368,1302,2025-01-27,2025-01-27
INB02895,SUP010,HUB-DEL,SKU0190,525,2024-09-19,2024-09-19
INB02900,SUP013,HUB-DEL,SKU0175,2303,2025-05-25,2025-05-25
INB02901,SUP017,HUB-BLR,SKU0308,1371,2024-05-02,2024-05-02
INB02905,SUP008,HUB-BLR,SKU0287,2428,2025-02-18,2025-02-18
INB02915,SUP011,HUB-BLR,SKU0159,1421,2025-04-10,2025-04-10
INB02934,SUP019,HUB-BLR,SKU0034,1855,2024-12-10,2024-12-10
INB02951,SUP006,HUB-BLR,SKU0443,1341,2024-09-30,2024-10-02
INB02952,SUP019,HUB-BLR,SKU0006,2409,2024-09-01,2024-09-01
INB02954,SUP020,HUB-BOM,SKU0037,1846,2025-03-03,2025-03-03
INB02960,SUP020,HUB-BLR,SKU0308,2014,2024-09-09,2024-09-09
INB02967,SUP013,HUB-BLR,SKU0323,632,2024-10-15,2024-10-15
INB02969,SUP005,HUB-BOM,SKU0060,1393,2024-11-16,2024-11-16
INB02970,SUP007,HUB-BLR,SKU0421,2271,2025-05-06,2025-05-07
INB02975,SUP018,HUB-BOM,SKU0106,554,2024-11-30,2024-11-30
INB02977,SUP002,HUB-BOM,SKU0438,2314,2024-09-08,2024-09-08
INB02982,SUP003,HUB-BLR,SKU0419,951,2025-04-17,2025-04-17
INB02984,SUP019,HUB-DEL,SKU0238,506,2024-07-05,2024-07-05
INB02990,SUP014,HUB-DEL,SKU0227,639,2025-03-13,2025-03-13
INB02995,SUP010,HUB-BOM,SKU0320,2229,2025-02-27,2025-02-27
INB02996,SUP009,HUB-BLR,SKU0413,2168,2024-06-15,2024-06-15
INB03008,SUP005,HUB-DEL,SKU0310,1838,2024-10-18,2024-10-18
INB03016,SUP009,HUB-DEL,SKU0013,600,2025-03-03,2025-03-03
INB03021,SUP009,HUB-BOM,SKU0337,778,2024-07-16,2024-07-16
INB03023,SUP013,HUB-BLR,SKU0189,1331,2024-10-06,2024-10-06
INB03024,SUP008,HUB-BLR,SKU0500,1580,2024-12-17,2024-12-22
INB03027,SUP004,HUB-BLR,SKU0335,1445,2024-12-13,2024-12-13
INB03029,SUP016,HUB-BLR,SKU0177,1505,2024-11-04,2024-11-04
INB03034,SUP001,HUB-BLR,SKU0421,2107,2024-01-01,2024-01-04
INB03047,SUP001,HUB-BLR,SKU0335,1874,2024-01-27,2024-01-27
INB03050,SUP005,HUB-BLR,SKU0144,774,2024-08-08,2024-08-08
INB03054,SUP008,HUB-BLR,SKU0476,1537,2025-04-07,2025-04-07
INB03061,SUP009,HUB-DEL,SKU0029,2463,2024-01-13,2024-01-18
INB03064,SUP016,HUB-DEL,SKU0233,1187,2025-02-06,2025-02-06
INB03073,SUP013,HUB-BLR,SKU0368,1843,2024-04-14,2024-04-14
INB03082,SUP002,HUB-DEL,SKU0027,1728,2024-08-22,2024-08-22
INB03083,SUP015,HUB-DEL,SKU0227,1126,2024-01-06,2024-01-06
INB03088,SUP014,HUB-DEL,SKU0310,2474,2024-08-21,2024-08-21
INB03089,SUP019,HUB-BLR,SKU0287,914,2024-06-21,2024-06-21
INB03090,SUP002,HUB-DEL,SKU0369,2469,2024-06-15,2024-06-15
INB03093,SUP015,HUB-BLR,SKU0500,1299,2024-09-01,2024-09-01
INB03101,SUP019,HUB-DEL,SKU0493,1652,2024-01-17,2024-01-17
INB03108,SUP007,HUB-BOM,SKU0060,1714,2025-06-19,2025-06-19
INB03113,SUP019,HUB-BOM,SKU0352,805,2024-08-02,2024-08-02
INB03125,SUP001,HUB-BOM,SKU0320,2272,2025-03-06,2025-03-06
INB03128,SUP016,HUB-BOM,SKU0438,2229,2025-02-01,2025-02-01
INB03129,SUP020,HUB-DEL,SKU0007,919,2025-03-08,2025-03-08
INB03134,SUP020,HUB-BLR,SKU0312,991,2025-03-19,2025-03-19
INB03137,SUP002,HUB-DEL,SKU0346,1993,2025-03-19,2025-03-19
INB03146,SUP009,HUB-BOM,SKU0037,2412,2024-04-30,2024-04-30
INB03147,SUP008,HUB-BOM,SKU0223,1441,2024-03-14,2024-03-14
INB03151,SUP003,HUB-BLR,SKU0065,1996,2024-01-30,2024-01-30
INB03156,SUP004,HUB-BOM,SKU0183,1872,2024-12-23,2024-12-23
INB03159,SUP003,HUB-BLR,SKU0362,1220,2024-10-03,2024-10-03
INB03160,SUP004,HUB-BOM,SKU0298,1515,2024-05-01,2024-05-01
INB03161,SUP009,HUB-BOM,SKU0352,1369,2024-04-17,2024-04-17
INB03175,SUP017,HUB-DEL,SKU0211,1044,2024-07-24,2024-07-24
INB03176,SUP009,HUB-BOM,SKU0429,1979,2024-10-12,2024-10-12
INB03179,SUP012,HUB-BOM,SKU0223,1808,2025-03-28,2025-03-28
INB03180,SUP010,HUB-BOM,SKU0223,1243,2024-07-13,2024-07-13
INB03181,SUP008,HUB-DEL,SKU0007,1628,2024-06-29,2024-06-29
INB03183,SUP005,HUB-BLR,SKU0500,731,2024-07-18,2024-07-18
INB03195,SUP002,HUB-BLR,SKU0421,1517,2024-08-21,2024-08-21
INB03208,SUP001,HUB-BLR,SKU0335,1420,2024-03-12,2024-03-12
INB03220,SUP003,HUB-BLR,SKU0065,1077,2025-03-19,2025-03-19
INB03221,SUP007,HUB-BOM,SKU0432,1743,2024-11-06,2024-11-06
INB03223,SUP011,HUB-DEL,SKU0007,2268,2025-03-18,2025-03-18
INB03224,SUP013,HUB-BLR,SKU0419,2401,2024-06-17,2024-06-17
INB03225,SUP008,HUB-DEL,SKU0310,1888,2024-02-29,2024-02-29
INB03236,SUP003,HUB-BLR,SKU0421,1840,2024-09-09,2024-09-09
INB03239,SUP014,HUB-BOM,SKU0061,942,2025-01-09,2025-01-09
INB03244,SUP007,HUB-DEL,SKU0405,1263,2024-05-14,2024-05-14
INB03245,SUP004,HUB-DEL,SKU0073,1685,2025-01-14,2025-01-14
INB03250,SUP004,HUB-DEL,SKU0249,2039,2025-06-19,2025-06-19
INB03275,SUP018,HUB-BLR,SKU0177,1218,2025-06-29,2025-06-29
INB03279,SUP018,HUB-BOM,SKU0106,573,2025-03-23,2025-03-23
INB03280,SUP016,HUB-BLR,SKU0489,1752,2024-03-15,2024-03-15
INB03283,SUP003,HUB-BLR,SKU0177,1927,2025-04-07,2025-04-07
INB03284,SUP007,HUB-BOM,SKU0187,1020,2025-05-13,2025-05-13
INB03285,SUP009,HUB-DEL,SKU0029,1683,2024-08-21,2024-08-25
INB03294,SUP013,HUB-DEL,SKU0128,2158,2024-01-30,2024-01-30
INB03299,SUP002,HUB-BLR,SKU0159,1682,2025-03-23,2025-03-23
INB03303,SUP016,HUB-BLR,SKU0148,1360,2024-10-23,2024-10-23
INB03304,SUP011,HUB-DEL,SKU0266,1678,2024-03-01,2024-03-01
INB03306,SUP005,HUB-DEL,SKU0128,1256,2024-02-13,2024-02-13
INB03314,SUP002,HUB-BOM,SKU0234,576,2024-09-16,2024-09-16
INB03318,SUP001,HUB-BLR,SKU0323,656,2024-09-27,2024-09-27
INB03321,SUP007,HUB-BOM,SKU0432,1636,2024-12-03,2024-12-03
INB03322,SUP004,HUB-DEL,SKU0070,943,2024-11-19,2024-11-23
INB03327,SUP020,HUB-BLR,SKU0006,1586,2024-04-03,2024-04-07
INB03328,SUP015,HUB-BLR,SKU0308,1265,2024-06-25,2024-06-25
INB03334,SUP009,HUB-BLR,SKU0287,1174,2025-05-22,2025-05-22
INB03339,SUP006,HUB-BOM,SKU0298,864,2025-04-12,2025-04-12
INB03343,SUP008,HUB-BLR,SKU0268,851,2024-01-09,2024-01-14
INB03353,SUP003,HUB-BOM,SKU0020,1883,2025-05-07,2025-05-07
INB03355,SUP017,HUB-DEL,SKU0043,1624,2025-05-06,2025-05-06
INB03359,SUP013,HUB-DEL,SKU0022,1019,2024-10-24,2024-10-24
INB03364,SUP016,HUB-DEL,SKU0451,753,2024-02-12,2024-02-17
INB03390,SUP005,HUB-BOM,SKU0366,822,2024-08-24,2024-08-24
INB03397,SUP017,HUB-BOM,SKU0001,2250,2025-02-11,2025-02-11
INB03398,SUP006,HUB-BOM,SKU0020,903,2024-02-01,2024-02-01
INB03400,SUP017,HUB-BLR,SKU0177,1254,2024-09-05,2024-09-05
INB03406,SUP012,HUB-BOM,SKU0337,972,2025-02-23,2025-02-23
INB03419,SUP005,HUB-BLR,SKU0464,838,2025-03-14,2025-03-14
INB03421,SUP007,HUB-BOM,SKU0183,781,2024-04-26,2024-04-26
INB03444,SUP011,HUB-BLR,SKU0340,669,2024-09-10,2024-09-10
INB03445,SUP013,HUB-BLR,SKU0148,1442,2025-01-25,2025-01-25
INB03449,SUP003,HUB-DEL,SKU0073,1187,2025-06-25,2025-06-25
INB03450,SUP013,HUB-BOM,SKU0429,516,2024-06-20,2024-06-20
INB03488,SUP020,HUB-DEL,SKU0249,1662,2024-04-28,2024-04-28
INB03493,SUP020,HUB-BOM,SKU0337,1904,2024-02-09,2024-02-09
INB03497,SUP018,HUB-BOM,SKU0131,2228,2025-06-07,2025-06-07
INB03499,SUP008,HUB-BOM,SKU0106,2213,2024-11-01,2024-11-01
INB03509,SUP005,HUB-BOM,SKU0106,1827,2024-12-12,2024-12-15
INB03512,SUP012,HUB-BLR,SKU0362,2477,2025-04-07,2025-04-07
INB03514,SUP003,HUB-BLR,SKU0362,1852,2025-03-22,2025-03-22
INB03520,SUP009,HUB-BLR,SKU0443,1488,2025-01-27,2025-01-27
INB03526,SUP019,HUB-DEL,SKU0238,1652,2024-03-10,2024-03-10
INB03528,SUP006,HUB-DEL,SKU0277,1115,2024-06-21,2024-06-21
INB03534,SUP015,HUB-DEL,SKU0027,2373,2024-12-01,2024-12-01
INB03542,SUP018,HUB-BOM,SKU0366,1116,2024-08-13,2024-08-13
INB03545,SUP017,HUB-BOM,SKU0131,1812,2024-11-02,2024-11-02
INB03550,SUP020,HUB-DEL,SKU0013,1216,2024-04-24,2024-04-24
INB03567,SUP017,HUB-BLR,SKU0189,2394,2024-04-12,2024-04-12
INB03568,SUP014,HUB-DEL,SKU0238,640,2024-09-18,2024-09-18
INB03571,SUP005,HUB-BOM,SKU0298,1513,2024-03-05,2024-03-05
INB03573,SUP006,HUB-DEL,SKU0027,2255,2025-01-04,2025-01-04
INB03574,SUP011,HUB-BOM,SKU0352,2343,2025-03-19,2025-03-19
INB03575,SUP017,HUB-DEL,SKU0310,823,2024-02-08,2024-02-11
INB03576,SUP017,HUB-DEL,SKU0070,1555,2025-03-01,2025-03-03
INB03580,SUP005,HUB-BOM,SKU0106,1279,2024-11-06,2024-11-06
INB03591,SUP013,HUB-DEL,SKU0007,2250,2024-07-22,2024-07-22
INB03593,SUP004,HUB-DEL,SKU0073,1818,2024-03-07,2024-03-07
INB03594,SUP011,HUB-DEL,SKU0022,1355,2024-11-05,2024-11-05
INB03608,SUP020,HUB-BOM,SKU0352,1752,2025-01-24,2025-01-24
INB03609,SUP020,HUB-DEL,SKU0109,908,2024-12-03,2024-12-03
INB03636,SUP016,HUB-BLR,SKU0368,1333,2025-06-26,2025-06-26
INB03649,SUP001,HUB-BLR,SKU0006,2322,2024-04-11,2024-04-11
INB03656,SUP001,HUB-DEL,SKU0007,1443,2024-04-14,2024-04-14
INB03659,SUP014,HUB-BOM,SKU0106,2151,2025-01-08,2025-01-08
INB03664,SUP010,HUB-BOM,SKU0106,1145,2025-03-10,2025-03-10
INB03668,SUP003,HUB-BOM,SKU0131,1318,2024-06-02,2024-06-02
INB03669,SUP001,HUB-DEL,SKU0294,1057,2025-01-13,2025-01-13
INB03677,SUP002,HUB-DEL,SKU0175,2389,2024-11-03,2024-11-03
INB03690,SUP014,HUB-BOM,SKU0061,2375,2025-05-21,2025-05-21
INB03691,SUP018,HUB-BOM,SKU0020,2142,2025-03-19,2025-03-19
INB03694,SUP015,HUB-DEL,SKU0249,2109,2024-06-01,2024-06-01
INB03699,SUP020,HUB-DEL,SKU0175,532,2025-03-11,2025-03-11
INB03700,SUP016,HUB-BLR,SKU0284,2257,2025-04-23,2025-04-23
INB03719,SUP010,HUB-BOM,SKU0234,2033,2025-02-11,2025-02-11
INB03722,SUP011,HUB-BLR,SKU0308,1033,2024-07-10,2024-07-10
INB03732,SUP003,HUB-BOM,SKU0120,1214,2024-07-07,2024-07-07
INB03734,SUP005,HUB-BLR,SKU0419,1697,2024-02-25,2024-02-25
INB03743,SUP005,HUB-BLR,SKU0309,2385,2024-07-25,2024-07-25
INB03746,SUP017,HUB-BLR,SKU0460,718,2024-11-30,2024-11-30
INB03750,SUP020,HUB-DEL,SKU0369,2137,2024-09-08,2024-09-13
INB03753,SUP010,HUB-BOM,SKU0155,2296,2025-06-15,2025-06-15
INB03759,SUP006,HUB-BLR,SKU0460,1351,2025-03-23,2025-03-23
INB03766,SUP013,HUB-BLR,SKU0489,2421,2024-03-10,2024-03-10
INB03771,SUP008,HUB-BOM,SKU0298,732,2024-03-28,2024-03-28
INB03788,SUP016,HUB-DEL,SKU0070,818,2025-06-05,2025-06-05
INB03792,SUP015,HUB-DEL,SKU0007,2266,2024-11-17,2024-11-17
INB03793,SUP010,HUB-BLR,SKU0308,1002,2024-11-24,2024-11-24
INB03804,SUP019,HUB-BLR,SKU0464,2488,2024-10-10,2024-10-10
INB03806,SUP011,HUB-DEL,SKU0238,930,2024-09-27,2024-09-27
INB03811,SUP013,HUB-BOM,SKU0234,2131,2024-05-27,2024-05-27
INB03818,SUP011,HUB-BOM,SKU0298,1798,2024-09-06,2024-09-07
INB03821,SUP005,HUB-DEL,SKU0007,1165,2024-09-24,2024-09-24
INB03825,SUP011,HUB-BLR,SKU0419,576,2025-04-06,2025-04-06
INB03828,SUP008,HUB-DEL,SKU0091,1113,2025-05-24,2025-05-24
INB03829,SUP004,HUB-BLR,SKU0323,1310,2024-01-19,2024-01-19
INB03843,SUP013,HUB-BOM,SKU0131,689,2024-08-24,2024-08-24
INB03850,SUP016,HUB-BLR,SKU0323,2214,2024-05-11,2024-05-11
INB03855,SUP020,HUB-BLR,SKU0274,2223,2024-09-28,2024-09-28
INB03856,SUP016,HUB-BOM,SKU0001,1907,2025-04-23,2025-04-23
INB03862,SUP003,HUB-BOM,SKU0001,883,2024-12-09,2024-12-09
INB03867,SUP018,HUB-BLR,SKU0460,2426,2025-04-29,2025-04-29
INB03868,SUP002,HUB-DEL,SKU0266,1162,2024-04-23,2024-04-23
INB03872,SUP005,HUB-BLR,SKU0309,833,2024-12-08,2024-12-10
INB03873,SUP006,HUB-DEL,SKU0310,2469,2024-02-04,2024-02-04
INB03878,SUP002,HUB-BLR,SKU0268,972,2024-06-30,2024-06-30
INB03880,SUP016,HUB-BLR,SKU0034,1013,2024-06-04,2024-06-04
INB03887,SUP004,HUB-DEL,SKU0405,1775,2025-06-16,2025-06-16
INB03890,SUP018,HUB-BLR,SKU0309,847,2024-10-17,2024-10-17
INB03894,SUP002,HUB-BOM,SKU0183,1011,2024-05-01,2024-05-01
INB03896,SUP016,HUB-BOM,SKU0432,508,2024-03-07,2024-03-07
INB03905,SUP014,HUB-DEL,SKU0013,2261,2024-03-28,2024-03-28
INB03930,SUP006,HUB-BOM,SKU0337,1410,2024-02-12,2024-02-12
INB03934,SUP007,HUB-DEL,SKU0493,1104,2024-07-07,2024-07-07
INB03940,SUP005,HUB-BOM,SKU0054,1288,2025-04-27,2025-04-27
INB03945,SUP012,HUB-DEL,SKU0266,627,2024-04-24,2024-04-24
INB03946,SUP011,HUB-BLR,SKU0274,2141,2024-08-11,2024-08-11
INB03962,SUP019,HUB-BLR,SKU0308,1197,2024-01-11,2024-01-11
INB03968,SUP007,HUB-BLR,SKU0335,1030,2024-09-23,2024-09-23
INB03972,SUP011,HUB-DEL,SKU0369,601,2025-06-22,2025-06-22
INB03977,SUP017,HUB-BOM,SKU0429,603,2024-03-27,2024-03-27
INB03986,SUP007,HUB-DEL,SKU0128,2130,2024-08-24,2024-08-24
INB03988,SUP013,HUB-BOM,SKU0037,2397,2024-12-15,2024-12-15
INB03989,SUP005,HUB-BLR,SKU0323,2247,2024-12-31,2024-12-31
INB03997,SUP009,HUB-BOM,SKU0106,605,2024-01-18,2024-01-18
INB04000,SUP008,HUB-BLR,SKU0230,2084,2024-09-14,2024-09-14
INB04010,SUP010,HUB-BLR,SKU0335,1301,2024-06-11,2024-06-11
INB04016,SUP007,HUB-BLR,SKU0413,773,2025-02-21,2025-02-21
INB04033,SUP009,HUB-BOM,SKU0187,1795,2024-06-13,2024-06-13
INB04046,SUP003,HUB-BOM,SKU0037,674,2024-06-07,2024-06-07
INB04050,SUP012,HUB-BOM,SKU0429,500,2025-02-28,2025-02-28
INB04056,SUP019,HUB-DEL,SKU0493,838,2025-02-10,2025-02-10
INB04058,SUP013,HUB-BOM,SKU0061,718,2024-07-19,2024-07-19
INB04059,SUP004,HUB-BOM,SKU0001,1317,2025-03-02,2025-03-02
INB04063,SUP003,HUB-BLR,SKU0287,1553,2025-01-10,2025-01-10
INB04066,SUP011,HUB-BOM,SKU0429,1743,2025-04-28,2025-04-28
INB04068,SUP005,HUB-BLR,SKU0419,1018,2024-04-19,2024-04-19
INB04070,SUP003,HUB-BLR,SKU0489,675,2025-06-23,2025-06-23
INB04081,SUP014,HUB-BLR,SKU0268,2454,2025-06-26,2025-06-26
INB04107,SUP018,HUB-DEL,SKU0227,1052,2025-06-03,2025-06-03
INB04118,SUP004,HUB-BLR,SKU0282,947,2024-01-15,2024-01-15
INB04125,SUP005,HUB-BLR,SKU0309,1390,2024-10-19,2024-10-19
INB04128,SUP008,HUB-BOM,SKU0429,1996,2025-03-28,2025-03-28
INB04137,SUP012,HUB-BOM,SKU0061,787,2025-05-30,2025-05-30
INB04138,SUP010,HUB-BOM,SKU0061,2425,2025-02-13,2025-02-13
INB04142,SUP011,HUB-DEL,SKU0405,2386,2024-02-03,2024-02-07
INB04150,SUP020,HUB-DEL,SKU0233,1926,2024-07-17,2024-07-17
INB04151,SUP003,HUB-BOM,SKU0438,1154,2024-05-12,2024-05-12
INB04155,SUP001,HUB-BOM,SKU0337,1399,2024-02-16,2024-02-16
INB04159,SUP017,HUB-DEL,SKU0043,702,2024-08-08,2024-08-08
INB04165,SUP005,HUB-BOM,SKU0223,1988,2024-06-04,2024-06-04
INB04173,SUP006,HUB-DEL,SKU0013,849,2025-06-25,2025-06-25
INB04174,SUP007,HUB-BOM,SKU0320,1941,2025-04-24,2025-04-24
INB04196,SUP016,HUB-BOM,SKU0223,2010,2024-07-29,2024-07-29
INB04198,SUP007,HUB-DEL,SKU0346,1713,2024-02-11,2024-02-11
INB04199,SUP017,HUB-BOM,SKU0432,675,2024-12-27,2024-12-27
